episode,reward,length
0,-6594.691643271902,1000
1,-7268.952866970264,1000
2,-7415.043225231045,1000
3,-7414.185425966249,1000
4,-7404.978102229311,1000
