episode,reward,length
0,-6031.931487168438,1000
1,-6825.34331257062,1000
2,-7411.781387836108,1000
3,-7407.928758439979,1000
4,-7405.64907790033,1000
