episode,reward,length
0,-8865.348999817077,1000
1,-7714.795933906598,1000
2,-7414.60967365654,1000
3,-7404.406948365143,1000
4,-7415.426822202432,1000
