,path_length,avg_speed,max_speed,smoothness,avg_deviation,max_deviation,obstacle_avoidance_count,path_efficiency
DRL,110.67294861169327,0.9989999999999998,1.0000000000004663,0.6233680522892674,0.2663409484564056,0.6430227417703716,0,0.07218215440801153
CNN,12.126980311777885,0.9990000000000011,1.0000000000001614,0.99658804194095,0.25840415937655137,0.5319595872494629,0,0.6596860714146863
LSTM,12.128570860761716,0.9990000000000001,1.0000000000001523,0.9730434235322117,0.25832847153268995,0.5319271457788065,0,0.6595995597372115
Hybrid,59.591016063144934,0.999000000000001,1.000000000000519,0.5907882566747706,0.2620705924259001,0.6277469500123923,0,0.13304308990397437
