{
    "scenario": "sparse",
    "buildings": [
        [
            -169.95493611470854,
            -128.02494908558143,
            29.585771477072914,
            52.66833625410528
        ],
        [
            195.92990635168272,
            -4.746900055891132,
            38.105263753194905,
            39.132781777966706
        ],
        [
            91.55023371826536,
            167.57347920084027,
            22.766954542395304,
            64.30037061907069
        ],
        [
            9.332983184718628,
            69.64851178322043,
            37.862041358408355,
            36.42986499451113
        ],
        [
            -214.4587631135235,
            29.03404239884054,
            35.021206049630926,
            66.14425305903046
        ],
        [
            192.47206493475886,
            -127.3983118591952,
            35.70175277324895,
            45.69331826632933
        ],
        [
            -186.2005698688118,
            99.73132932307473,
            23.78983716811642,
            44.52160949390137
        ],
        [
            138.53285793929842,
            169.27918308620366,
            21.274977010217764,
            59.803497015812205
        ],
        [
            -26.19657035204149,
            -211.20906862853346,
            38.69496970902313,
            62.974711645623564
        ],
        [
            116.94185861876352,
            98.1585685730525,
            25.222316070786796,
            74.715959648081
        ]
    ],
    "boundaries": [
        -250.0,
        250.0,
        -250.0,
        250.0
    ]
}